﻿<?xml version="1.0" encoding="UTF-8"?>
<insuranceImport>
  <permissions>
    <addAllUsers>true</addAllUsers>
  </permissions>
  <policyDataset>
    <policyColumn>
      <name>mindeductible</name>
      <label>mindeductible</label>
      <type>Double</type>
    </policyColumn>
    <policyColumn>
      <name>policynumber</name>
      <label>policynumber</label>
      <type>String</type>
    </policyColumn>
    <policyColumn>
      <name>line_of_business</name>
      <label>line of business</label>
      <type>line_of_business</type>
    </policyColumn>
    <policyColumn>
      <name>accgrpid</name>
      <label>accgrpid</label>
      <type>link_id</type>
    </policyColumn>
    <policyColumn>
      <name>premium</name>
      <label>premium</label>
      <type>premium</type>
    </policyColumn>
    <policyColumn>
      <name>deductible</name>
      <label>deductible</label>
      <type>Double</type>
      <perils peril="Earthquake">deductible</perils>
    </policyColumn>
    <policyColumn>
      <name>inception</name>
      <label>inception</label>
      <type>String</type>
    </policyColumn>
    <policyColumn>
      <name>peril</name>
      <label>peril</label>
      <type>peril</type>
    </policyColumn>
    <policyColumn>
      <name>attachment</name>
      <label>attachment</label>
      <type>attach_point</type>
    </policyColumn>
    <policyColumn>
      <name>totallimit</name>
      <label>totallimit</label>
      <type>limit</type>
      <perils peril="Earthquake">limit</perils>
    </policyColumn>
    <policyColumn>
      <name>origblanlim</name>
      <label>origblanlim</label>
      <type>Double</type>
    </policyColumn>
    <policyColumn>
      <name>expiration_date</name>
      <label>expiration date</label>
      <type>String</type>
    </policyColumn>
    <policyColumn>
      <name>branch</name>
      <label>branch</label>
      <type>branch</type>
    </policyColumn>
    <policyColumn>
      <name>accountnumber</name>
      <label>accountnumber</label>
      <type>String</type>
    </policyColumn>
    <policyColumn>
      <name>maxdeductible</name>
      <label>maxdeductible</label>
      <type>max_deductible</type>
    </policyColumn>
    <policyColumn>
      <name>ocillimit</name>
      <label>ocillimit</label>
      <type>limit</type>
    </policyColumn>
    <policyColumn>
      <name>policyid</name>
      <label>policyid</label>
      <type>policy_id</type>
    </policyColumn>
    <type>CSV</type>
    <name>InsurancePolicy</name>
    <preparedWith>Spatialkey API</preparedWith>
    <preparedDate>2013-11-11T22:04:08.382-08:00</preparedDate>
    <expirationDate>2013-11-21T22:04:08.366-08:00</expirationDate>
  </policyDataset>
  <locationDataset>
    <latlon />
    <locationColumn>
      <name>distancetocoast</name>
      <label>distancetocoast</label>
      <type>Double</type>
    </locationColumn>
    <locationColumn>
      <name>postalcode</name>
      <label>postalcode</label>
      <type>String</type>
    </locationColumn>
    <locationColumn>
      <name>cedant</name>
      <label>cedant</label>
      <type>String</type>
    </locationColumn>
    <locationColumn>
      <name>eqlocationdeductible</name>
      <label>eqlocationdeductible</label>
      <type>Double</type>
    </locationColumn>
    <locationColumn>
      <name>accountname</name>
      <label>accountname</label>
      <type>Integer</type>
    </locationColumn>
    <locationColumn>
      <name>countrycode</name>
      <label>countrycode</label>
      <type>String</type>
    </locationColumn>
    <locationColumn>
      <name>locid</name>
      <label>locid</label>
      <type>location_id</type>
    </locationColumn>
    <locationColumn>
      <name>accgrpid</name>
      <label>accgrpid</label>
      <type>link_id</type>
    </locationColumn>
    <locationColumn>
      <name>state</name>
      <label>state</label>
      <type>String</type>
    </locationColumn>
    <locationColumn>
      <name>locnumber</name>
      <label>locnumber</label>
      <type>Integer</type>
    </locationColumn>
    <locationColumn>
      <name>occscheme</name>
      <label>occscheme</label>
      <type>String</type>
    </locationColumn>
    <locationColumn>
      <name>city</name>
      <label>city</label>
      <type>String</type>
    </locationColumn>
    <locationColumn>
      <name>eq_gross_aal</name>
      <label>eq gross aal</label>
      <type>Double</type>
    </locationColumn>
    <locationColumn>
      <name>bldgclass</name>
      <label>bldgclass</label>
      <type>Integer</type>
    </locationColumn>
    <locationColumn>
      <name>eqtiv</name>
      <label>eqtiv</label>
      <type>tiv</type>
    </locationColumn>
    <locationColumn>
      <name>accountnumber</name>
      <label>accountnumber</label>
      <type>Integer</type>
    </locationColumn>
    <locationColumn>
      <name>longitude</name>
      <label>longitude</label>
      <type>Longitude</type>
    </locationColumn>
    <locationColumn>
      <name>occupancy</name>
      <label>occupancy</label>
      <type>occupancy</type>
    </locationColumn>
    <locationColumn>
      <name>construction</name>
      <label>construction</label>
      <type>construction</type>
    </locationColumn>
    <locationColumn>
      <name>number_of_stories</name>
      <label>number of stories</label>
      <type>num_stories</type>
    </locationColumn>
    <locationColumn>
      <name>wslocationlimit</name>
      <label>wslocationlimit</label>
      <type>Integer</type>
    </locationColumn>
    <locationColumn>
      <name>ws_gross_aal</name>
      <label>ws gross aal</label>
      <type>Double</type>
    </locationColumn>
    <locationColumn>
      <name>year_built</name>
      <label>year built</label>
      <type>year_built</type>
    </locationColumn>
    <locationColumn>
      <name>total_insured_value</name>
      <label>total insured value</label>
      <type>Double</type>
    </locationColumn>
    <locationColumn>
      <name>occtype</name>
      <label>occtype</label>
      <type>Integer</type>
    </locationColumn>
    <locationColumn>
      <name>elevation</name>
      <label>elevation</label>
      <type>Double</type>
    </locationColumn>
    <locationColumn>
      <name>portfolio</name>
      <label>portfolio</label>
      <type>String</type>
    </locationColumn>
    <locationColumn>
      <name>class</name>
      <label>class</label>
      <type>String</type>
    </locationColumn>
    <locationColumn>
      <name>geocoding</name>
      <label>geocoding</label>
      <type>Integer</type>
    </locationColumn>
    <locationColumn>
      <name>totalaal</name>
      <label>totalaal</label>
      <type>Double</type>
    </locationColumn>
    <locationColumn>
      <name>eqlocationlimit</name>
      <label>eqlocationlimit</label>
      <type>Integer</type>
    </locationColumn>
    <locationColumn>
      <name>wslocationdeductible</name>
      <label>wslocationdeductible</label>
      <type>Double</type>
    </locationColumn>
    <locationColumn>
      <name>square_footage</name>
      <label>square footage</label>
      <type>square_footage</type>
    </locationColumn>
    <locationColumn>
      <name>county</name>
      <label>county</label>
      <type>String</type>
    </locationColumn>
    <locationColumn>
      <name>address</name>
      <label>address</label>
      <type>String</type>
    </locationColumn>
    <locationColumn>
      <name>wstiv</name>
      <label>wstiv</label>
      <type>tiv</type>
    </locationColumn>
    <locationColumn>
      <name>eqdeductiblevalue</name>
      <label>eqdeductiblevalue</label>
      <type>Double</type>
    </locationColumn>
    <locationColumn>
      <name>bldgscheme</name>
      <label>bldgscheme</label>
      <type>String</type>
    </locationColumn>
    <locationColumn>
      <name>latitude</name>
      <label>latitude</label>
      <type>Latitude</type>
    </locationColumn>
    <locationColumn>
      <name>wsdeductiblevalue</name>
      <label>wsdeductiblevalue</label>
      <type>Double</type>
    </locationColumn>
    <type>CSV</type>
    <name>InsuranceLocation</name>
    <preparedWith>Spatialkey API</preparedWith>
    <preparedDate>2013-11-11T22:04:08.382-08:00</preparedDate>
    <expirationDate>2013-11-21T22:04:08.366-08:00</expirationDate>
  </locationDataset>
</insuranceImport>