﻿<?xml version="1.0" encoding="UTF-8"?>
<insuranceImport>
  <linkColumn>
    <policyColumn>Account Number</policyColumn>
    <locationColumn>account number</locationColumn>
    <reinsuranceColumn>exposure id</reinsuranceColumn>
  </linkColumn>
  <feature>PolicyExposedLimit</feature>
  <permissions>
    <addAllUsers>true</addAllUsers>
    <denyExporting>true</denyExporting>
    <hideFromUI>false</hideFromUI>
  </permissions>
  <notifications>
    <sendEmail>true</sendEmail>
    <clientNotification>true</clientNotification>
  </notifications>
  <locationDataset>
    <latlon />
    <type>CSV</type>
    <filename>SampleLocationFile.csv</filename>
    <name>Sample Insurance Locations and Policies</name>
    <preparedWith>Spatialkey API</preparedWith>
    <preparedDate>2013-12-05T16:03:21.476-05:00</preparedDate>
    <pointThematicLayer>
      <thematicDataset>US_Postal</thematicDataset>
    </pointThematicLayer>
    <pointThematicLayer>
      <thematicDataset>US_Counties</thematicDataset>
    </pointThematicLayer>
    <pointThematicLayer>
      <thematicDataset>US_States</thematicDataset>
    </pointThematicLayer>
    <locationColumn>
      <name>year built</name>
      <label>year built</label>
      <type>Date</type>
      <format>Year</format>
    </locationColumn>
    <locationColumn>
      <name>account number</name>
      <label>account number</label>
      <type>Integer</type>
      <format>ID</format>
    </locationColumn>
    <locationColumn>
      <name>tiv</name>
      <label>tiv</label>
      <insuranceMapping>tiv</insuranceMapping>
      <type>Currency</type>
      <format>USD</format>
    </locationColumn>
    <locationColumn>
      <name>State/Province</name>
      <label>State/Province</label>
      <type>String</type>
    </locationColumn>
    <locationColumn>
      <name>location id</name>
      <label>location id</label>
      <insuranceMapping>location_id</insuranceMapping>
      <type>Integer</type>
      <format>ID</format>
    </locationColumn>
    <locationColumn>
      <name>city</name>
      <label>city</label>
      <type>String</type>
    </locationColumn>
    <locationColumn>
      <name>square footage</name>
      <label>square footage</label>
      <type>Integer</type>
    </locationColumn>
    <locationColumn>
      <name>ZIP/Postal Code</name>
      <label>ZIP/Postal Code</label>
      <type>String</type>
    </locationColumn>
    <locationColumn>
      <name>longitude</name>
      <label>longitude</label>
      <type>Longitude</type>
    </locationColumn>
    <locationColumn>
      <name>latitude</name>
      <label>latitude</label>
      <type>Latitude</type>
    </locationColumn>
    <locationColumn>
      <name>occupancy</name>
      <label>occupancy</label>
      <type>String</type>
    </locationColumn>
    <locationColumn>
      <name>construction</name>
      <label>construction</label>
      <type>String</type>
    </locationColumn>
    <locationColumn>
      <name>number of stories</name>
      <label>number of stories</label>
      <type>Integer</type>
    </locationColumn>
  </locationDataset>
  <policyDataset>
    <name>Policies</name>
    <filename>SamplePolicyFile.csv</filename>
    <preparedWith>Spatialkey API</preparedWith>
    <preparedDate>2013-11-19T16:24:31.203-05:00</preparedDate>
    <policyColumn>
      <name>Blanket Limit</name>
      <label>Blanket Limit</label>
      <insuranceMapping>limit</insuranceMapping>
      <type>Currency</type>
      <format>USD</format>
    </policyColumn>
    <policyColumn>
      <name>Line of Business</name>
      <label>line of business</label>
      <type>String</type>
    </policyColumn>
    <policyColumn>
      <name>Account Number</name>
      <label>Account Number</label>
      <type>Integer</type>
      <format>ID</format>
    </policyColumn>
    <policyColumn>
      <name>Blanket Deductible</name>
      <label>Blanket Deductible</label>
      <type>Currency</type>
      <format>USD</format>
    </policyColumn>
    <policyColumn>
      <name>underwriter</name>
      <label>underwriter</label>
      <type>String</type>
    </policyColumn>
    <policyColumn>
      <name>peril</name>
      <label>peril</label>
      <type>String</type>
      <insuranceMapping>peril</insuranceMapping>
    </policyColumn>
    <policyColumn>
      <name>attachment point</name>
      <label>attachment point</label>
      <insuranceMapping>attach_point</insuranceMapping>
      <type>Currency</type>
      <format>USD</format>
    </policyColumn>
    <policyColumn>
      <name>policy id</name>
      <label>policy id</label>
      <type>Integer</type>
      <insuranceMapping>policy_id</insuranceMapping>
      <format>ID</format>
    </policyColumn>
    <policyColumn>
      <name>product line</name>
      <label>product line</label>
      <type>String</type>
    </policyColumn>
    <policyColumn>
      <name>branch</name>
      <label>branch</label>
      <type>String</type>
    </policyColumn>
    <policyColumn>
      <name>maximum deductible</name>
      <label>maximum deductible</label>
      <insuranceMapping>max_deductible</insuranceMapping>
      <type>Currency</type>
      <format>USD</format>
    </policyColumn>
    <policyColumn>
      <name>layer amount</name>
      <label>layer amount</label>
      <insuranceMapping>layer</insuranceMapping>
      <type>Currency</type>
      <format>USD</format>
    </policyColumn>
    <type>CSV</type>
  </policyDataset>
  <reinsuranceDataset>
    <name>Reinsurance</name>
    <filename>SampleReinsuranceFile.csv</filename>
    <preparedWith>Spatialkey API</preparedWith>
    <preparedDate>2018-11-09T12:00:0.000-05:00</preparedDate>
    <reinsuranceColumn>
      <name>reinsurance id</name>
      <label>reinsurance id</label>
      <insuranceMapping>reinsurance_id</insuranceMapping>
      <type>Integer</type>
      <format>ID</format>
    </reinsuranceColumn>
    <reinsuranceColumn>
      <!-- Linkage is determined by the EXPOSRTYPE field. If EXPOSRTYPE = LOC, then EXPOSUREID = PROPERTY.LOCNUM. If EXPOSRTYPE = POL, then EXPOSUREID = POLICY.POLICYNUM. -->
      <name>exposure id</name>
      <label>exposure id</label>
      <insuranceMapping>exposure_id</insuranceMapping>
      <type>Integer</type>
      <format>ID</format>
    </reinsuranceColumn>
    <reinsuranceColumn>
      <name>exposure type</name>
      <label>exposure type</label>
      <insuranceMapping>exposure_type</insuranceMapping>
      <type>String</type>
    </reinsuranceColumn>
    <reinsuranceColumn>
      <!-- 1 through X order of applying -->
      <name>priority</name>
      <label>priority</label>
      <insuranceMapping>priority</insuranceMapping>
      <type>Integer</type>
      <format>ID</format>
    </reinsuranceColumn>
    <reinsuranceColumn>
      <!-- 1 through X order of applying -->
      <name>layer number</name>
      <label>layer number</label>
      <type>Integer</type>
      <format>ID</format>
    </reinsuranceColumn>
    <reinsuranceColumn>
      <name>percent reinsurance</name>
      <label>percent reinsurance</label>
      <insuranceMapping>percent_reinsurance</insuranceMapping>
      <type>Integer</type>
      <format>ID</format>
    </reinsuranceColumn>
    <reinsuranceColumn>
      <name>layer amount</name>
      <label>layer amount</label>
      <insuranceMapping>layer_amount</insuranceMapping>
      <type>Currency</type>
      <format>USD</format>
    </reinsuranceColumn>
    <reinsuranceColumn>
      <name>excess amount</name>
      <label>excess amount</label>
      <insuranceMapping>excess_amount</insuranceMapping>
      <type>Currency</type>
      <format>USD</format>
    </reinsuranceColumn>
    <reinsuranceColumn>
      <name>reinsurance name</name>
      <label>reinsurance name</label>
      <type>String</type>
    </reinsuranceColumn>
    <reinsuranceColumn>
      <!-- F - facultative  T - treaty (we currently only support facultative but we should add this for future support)-->
      <name>reinsurance type</name>
      <label>reinsurance type</label>
      <insuranceMapping>reinsurance_type</insuranceMapping>
      <type>String</type>
    </reinsuranceColumn>
    <type>CSV</type>
  </reinsuranceDataset>
</insuranceImport>