﻿<?xml version="1.0" encoding="UTF-8"?>
<config>
  <!-- email support@spatialkey.com for more information -->
  <!--
        The organization and user information.  Can override for each action.
    -->
  <organizationURL>https://xxx.spatialkey.com/</organizationURL>
  <organizationAPIKey>xxx</organizationAPIKey>
  <organizationSecretKey>xxx</organizationSecretKey>
  <userAPIKey>xxx</userAPIKey>>
  <!--
        Proxy configuration.
        proxyEnable defaults to true.  If not true, no proxy will be used not event the default).
        proxyURL and proxyPort define a custom proxy to use.  If either are blank, will use the default proxy.
        proxyUser and proxyPassword used for custom proxy that requires authentication if both not blank.
        proxyDomain is used for the custom proxy and is needed for NTLM and Kerberos.
    -->
  <proxyEnable>true</proxyEnable>
  <proxyURL />
  <proxyPort />
  <proxyUser />
  <proxyPassword />
  <proxyDomain />
  <!-- A list of actions to perform, each action  -->
  <actions>
    <action name="csv">
      <!-- Can override organizationURL, organizationAPIKey, organizationSecretKey, userAPIKey  -->
      <!---actionType can be import, overwrite, or append -->
      <actionType>overwrite</actionType>
      <!--- dataType can be CSV or Shapefile -->
      <dataType>CSV</dataType>
      <!---path of the data to upload.  CSV can be a raw file or zip, shapes are always zipped up. -->
      <pathData>SalesData.csv</pathData>
      <!--- configuration file for the data -->
      <pathXML>SalesData.xml</pathXML>
      <!-- datasetId will be filled in on overwrite or append if not set -->
      <datasetId />
    </action>
    <action name="shape">
      <!-- Can override organizationURL, userAPIKey, organizationAPIKey, organizationSecretKey  -->
      <!---action type can be import, overwrite, or append -->
      <actionType>overwrite</actionType>
      <!--- dataType can be CSV or Shapefile -->
      <dataType>Shapefile</dataType>
      <!---path of the data to upload.  CSV can be a raw file or zip, shapes are always zipped up. -->
      <pathData>110thCongressionalDistrictShapefile.zip</pathData>
      <!--- configuration file for the data -->
      <pathXML>110thCongressionalDistrictShapefile.xml</pathXML>
      <!-- datasetId will be filled in on overwrite or append if not set -->
      <datasetId />
    </action>
    <action name="insurance1">
      <!-- Can override organizationURL, organizationAPIKey, organizationSecretKey, userAPIKey  -->
      <!---actionType can be import, overwrite, or append -->
      <actionType>overwrite</actionType>
      <!--- dataType can be CSV or Shapefile -->
      <dataType>insurance</dataType>
      <!---path to to the data to upload -->
      <pathData>Sample Locations.csv</pathData>
      <!--- policy data -->
      <pathData>Sample Policies.csv</pathData>
      <!--- configuration file for the data -->
      <pathXML>Sample Locations and Policies Insurance.xml</pathXML>
    </action>
    <action name="insurance2">
      <!-- Can override organizationURL, organizationAPIKey, organizationSecretKey, userAPIKey  -->
      <!---actionType can be import, overwrite, or append -->
      <actionType>overwrite</actionType>
      <!--- dataType can be CSV or Shapefile -->
      <dataType>insurance</dataType>
      <!---path to to the data to upload -->
      <pathData>Sample Locations.csv</pathData>
      <!--- policy data -->
      <pathData>Sample Policies.csv</pathData>
      <!--- configuration file for the data -->
      <pathXML>Sample Locations and Policies Insurance with peril specific limits.xml</pathXML>
    </action>
    <action name="insurance3">
      <!-- Can override organizationURL, organizationAPIKey, organizationSecretKey, userAPIKey  -->
      <!---actionType can be import, overwrite, or append -->
      <actionType>overwrite</actionType>
      <!--- dataType can be CSV or Shapefile -->
      <dataType>insurance</dataType>
      <!-- no pathData, using existing ids in pathXML -->
      <!--- configuration file for the data -->
      <pathXML>Sample Locations and Policies Insurance.xml</pathXML>
    </action>
    <action name="reinsurance">
      <!-- Can override organizationURL, organizationAPIKey, organizationSecretKey, userAPIKey  -->
      <!---actionType can be import, overwrite, or append -->
      <actionType>overwrite</actionType>
      <!--- dataType can be CSV or Shapefile -->
      <dataType>insurance</dataType>
      <!---path to to the data to upload -->
      <pathData>SampleLocationFile.csv</pathData>
      <!--- policy data -->
      <pathData>SamplePolicyFile.csv</pathData>
      <!--- reinsurance data -->
      <pathData>SampleReinsuranceFile.csv</pathData>
      <!-- no pathData, using existing ids in pathXML -->
      <!--- configuration file for the data -->
      <pathXML>Sample Locations, Policies and reinsurance Insurance.xml</pathXML>
    </action>
  </actions>
</config>